INSERT INTO CLIENTE
(CLIENTE_ID, TELEFONE, NOME, ENDERECO, NUMERO, COMPLEMENTO, BAIRRO, CIDADE, ESTADO, CEP, REFERENCIA)
VALUES
(1, '(11)912345678', 'João da Silva', 'Rua das Flores', 123, 'Apto 201', 'Jardim Paulista', 'São Paulo', 'SP', 01310-000, 'Próximo ao metrô Trianon-Masp')

INSERT INTO CLIENTE
(CLIENTE_ID, TELEFONE, NOME, ENDERECO, NUMERO, COMPLEMENTO, BAIRRO, CIDADE, ESTADO, CEP, REFERENCIA)
VALUES
(2, '(21)99876-5432', 'Maria Oliveira', 'Avenida Atlântica', 456, 'Cobertura', 'Copacabana', 'Rio de Janeiro', 'RJ', 22010-000, 'Em frente ao posto 5')

INSERT INTO CLIENTE
(CLIENTE_ID, TELEFONE, NOME, ENDERECO, NUMERO, COMPLEMENTO, BAIRRO, CIDADE, ESTADO, CEP, REFERENCIA)
VALUES
(3, '(31)98765-4321', 'Pedro Souza', 'Rua Afonso Pena', 789, 'Loja 03', 'Centro', 'Belo Horizonte', 'MG', 30130-003, 'Ao lado do Banco do Brasil')


INSERT INTO CLIENTE
(CLIENTE_ID, TELEFONE, NOME, ENDERECO, NUMERO, COMPLEMENTO, BAIRRO, CIDADE, ESTADO, CEP, REFERENCIA)
VALUES
(4, '(41)99123-4567', 'Ana Beatriz Ramos', 'Travessa Oliveira', 55, 'Casa dos fundos', 'Água Verde', 'Curitiba', 'PR', 80240-320, 'Atrás do mercado Estrela')
 

INSERT INTO CLIENTE
(CLIENTE_ID, TELEFONE, NOME, ENDERECO, NUMERO, COMPLEMENTO, BAIRRO, CIDADE, ESTADO, CEP, REFERENCIA)
VALUES
(5, '(71)99678-1234', 'Lucas Martins', 'Avenida Sete de Setembro', 1020, 'Sala 502', 'Barra', 'Salvador', 'BA', 40140-000, 'Em cima da farmácia Pague Menos')

INSERT INTO CLIENTE
(CLIENTE_ID, TELEFONE, NOME, ENDERECO, NUMERO, COMPLEMENTO, BAIRRO, CIDADE, ESTADO, CEP, REFERENCIA)
VALUES
(6, '(85)99432-1122', 'Carla Mendes Ferreira', 'Rua do Sol', 321, 'Casa térrea', 'Meireles', 'Fortaleza', 'CE', 60165-121, 'Próximo à praça da Imprensa')


SELECT * FROM CLIENTE

INSERT INTO PIZZA
(PIZZA_ID, NOME, DESCRICAO, VALOR)
VALUES
(1, 'Portuguesa', NULL, 15.00);

INSERT INTO PIZZA
(PIZZA_ID, NOME, DESCRICAO, VALOR)
VALUES
(2, 'Provolone', NULL, 17);

INSERT INTO PIZZA
(PIZZA_ID, NOME, DESCRICAO, VALOR)
VALUES
(3, '4 Queijo', NULL, 20);

INSERT INTO PIZZA
(PIZZA_ID, NOME, DESCRICAO, VALOR)
VALUES
(4, 'Calabresa', 'Com cebola', 17)

INSERT INTO PIZZA
(PIZZA_ID, NOME, DESCRICAO, VALOR)
VALUES
(5, 'Escarola', NULL, 22.5)

ALTER TABLE PIZZA
ALTER COLUMN DESCRICAO VARCHAR (30) NULL;

ALTER TABLE PIZZA
ALTER COLUMN VALOR MONEY NOT NULL;

SELECT SUM(VALOR) AS 'VALOR PIZZAS' FROM PIZZA;

SELECT AVG(VALOR) AS 'PREÇO ´MÉDIO' FROM PIZZA;

SELECT MAX(VALOR) AS 'VALOR DA PIZZA MAIS CARA' FROM PIZZA;

SELECT NOME, VALOR FROM PIZZA WHERE VALOR = (SELECT MAX(VALOR) FROM PIZZA);


INSERT INTO PEDIDO
(PEDIDO_ID, CLIENTE_ID, DATA_PEDIDO, VALOR)
VALUES
(3,3, '15/12/2023', 22),
(4,1, '17/12/2023', 42),
(5,2, '18/12/2023', 45),
(6,3, '18/12/2023', 44),
(7,4, '19/12/2023', 72),
(8,6, '19/12/2023', 34);

ALTER TABLE PEDIDO
ALTER COLUMN VALOR MONEY NOT NULL;

INSERT INTO ITEM_PEDIDO
(PEDIDO_ID, PIZZA_ID, QUANTIDADE, VALOR)
VALUES
(1,1,1,15),
(1,4,1,17),
(2,3,2,40),
(3,5,1,22),
(4,3,1,20),
(4,5,1,22),
(5,1,3,45),
(6,5,2,44),
(7,1,2,30),
(7,3,1,20),
(7,5,1,22),
(8,4,2,34);

ALTER TABLE ITEM_PEDIDO
ALTER COLUMN VALOR MONEY NOT NULL;

SELECT * FROM PEDIDO

SELECT
PE.PEDIDO_ID, PE.CLIENTE_ID,
CL.NOME,CL.ENDERECO,CL.BAIRRO, CL.CIDADE,
PE.DATA_PEDIDO, PE.VALOR
FROM PEDIDO AS PE INNER JOIN CLIENTE AS CL
ON PE.CLIENTE_ID = CL.CLIENTE_ID
WHERE PE.DATA_PEDIDO >= '18/12/2023' AND PE.DATA_PEDIDO <= '20/12/2023'